{"1800_llm_labelled_0~0200": [{"version": 0.0, "epoch": 5.0, "epoch_val_loss": 1.321864128112793, "epoch_all_precision": 16.216245651245117, "epoch_all_recall": 92.30770111083984, "epoch_all_f1": 27.58624839782715}], "1800_llm_labelled_0~0400": [{"version": 0.0, "epoch": 11.0, "epoch_val_loss": 1.021533489227295, "epoch_all_precision": 19.64289665222168, "epoch_all_recall": 84.61541748046875, "epoch_all_f1": 31.884113311767578}], "1800_llm_labelled_0~0600": [{"version": 0.0, "epoch": 8.0, "epoch_val_loss": 0.935943067073822, "epoch_all_precision": 19.148983001708984, "epoch_all_recall": 69.23082733154297, "epoch_all_f1": 30.00006103515625}], "1800_llm_labelled_0~0800": [{"version": 0.0, "epoch": 14.0, "epoch_val_loss": 0.9240657687187195, "epoch_all_precision": 27.907026290893555, "epoch_all_recall": 92.30770111083984, "epoch_all_f1": 42.85720443725586}], "1800_llm_labelled_0~1000": [{"version": 0.0, "epoch": 10.0, "epoch_val_loss": 0.7165514230728149, "epoch_all_precision": 25.000057220458984, "epoch_all_recall": 69.23082733154297, "epoch_all_f1": 36.734764099121094}], "1800_llm_labelled_0~1200": [{"version": 0.0, "epoch": 8.0, "epoch_val_loss": 0.8994089365005493, "epoch_all_precision": 29.268339157104492, "epoch_all_recall": 92.30770111083984, "epoch_all_f1": 44.44449996948242}], "1800_llm_labelled_0~1400": [{"version": 0.0, "epoch": 12.0, "epoch_val_loss": 0.8410549759864807, "epoch_all_precision": 26.315837860107422, "epoch_all_recall": 76.9231185913086, "epoch_all_f1": 39.21574401855469}], "1800_llm_labelled_0~1600": [{"version": 0.0, "epoch": 11.0, "epoch_val_loss": 0.7370626926422119, "epoch_all_precision": 30.000057220458984, "epoch_all_recall": 69.23082733154297, "epoch_all_f1": 41.860530853271484}], "1800_llm_labelled_0~1800": [{"version": 0.0, "epoch": 10.0, "epoch_val_loss": 0.7102386951446533, "epoch_all_precision": 30.55560874938965, "epoch_all_recall": 84.61541748046875, "epoch_all_f1": 44.89801788330078}]}