{"1800_llm_human_labelled_0~0200": [{"version": 0.0, "epoch": 16.0, "epoch_val_loss": 1.4503648281097412, "epoch_all_precision": 20.00004768371582, "epoch_all_recall": 69.23082733154297, "epoch_all_f1": 31.034547805786133}], "1800_llm_human_labelled_0~0400": [{"version": 0.0, "epoch": 13.0, "epoch_val_loss": 1.0021830797195435, "epoch_all_precision": 25.581443786621094, "epoch_all_recall": 84.61541748046875, "epoch_all_f1": 39.28577423095703}], "1800_llm_human_labelled_0~0600": [{"version": 0.0, "epoch": 12.0, "epoch_val_loss": 0.39767730236053467, "epoch_all_precision": 40.90915298461914, "epoch_all_recall": 69.23082733154297, "epoch_all_f1": 51.42863464355469}], "1800_llm_human_labelled_0~0800": [{"version": 0.0, "epoch": 10.0, "epoch_val_loss": 0.6904716491699219, "epoch_all_precision": 33.33338165283203, "epoch_all_recall": 84.61541748046875, "epoch_all_f1": 47.82614517211914}], "1800_llm_human_labelled_0~1000": [{"version": 0.0, "epoch": 8.0, "epoch_val_loss": 0.5384132862091064, "epoch_all_precision": 40.74079513549805, "epoch_all_recall": 84.61541748046875, "epoch_all_f1": 55.00005340576172}], "1800_llm_human_labelled_0~1200": [{"version": 0.0, "epoch": 9.0, "epoch_val_loss": 0.4142228662967682, "epoch_all_precision": 45.83338165283203, "epoch_all_recall": 84.61541748046875, "epoch_all_f1": 59.45951461791992}], "1800_llm_human_labelled_0~1400": [{"version": 0.0, "epoch": 11.0, "epoch_val_loss": 0.536723256111145, "epoch_all_precision": 41.666717529296875, "epoch_all_recall": 76.9231185913086, "epoch_all_f1": 54.05410385131836}], "1800_llm_human_labelled_0~1600": [{"version": 0.0, "epoch": 8.0, "epoch_val_loss": 0.5430060625076294, "epoch_all_precision": 45.83338165283203, "epoch_all_recall": 84.61541748046875, "epoch_all_f1": 59.45951461791992}], "1800_llm_human_labelled_0~1800": [{"version": 0.0, "epoch": 9.0, "epoch_val_loss": 0.5700198411941528, "epoch_all_precision": 40.74079513549805, "epoch_all_recall": 84.61541748046875, "epoch_all_f1": 55.00005340576172}]}